bedrooms,bathrooms,stories,mainroad,guestroom,basement,hotwaterheating,airconditioning,parking,prefarea,furnishingstatus,total_rooms,bath_bed_ratio,luxury_score,is_multi_story,log_area,log_price_per_sqft,log_area_story_interaction
3,2,4,1,0,0,0,1,1,0,2,5,0.6666666666666666,1,1,0.6026535307706002,0.8234573304233486,1.6947233291087962
3,2,1,1,0,1,0,1,3,0,1,5,0.6666666666666666,2,0,1.0436120208460888,-0.23041757691221842,-0.0376177778874641
2,1,1,1,0,1,0,1,2,0,2,3,0.5,2,0,-0.5357403755077067,0.22769309682736605,-1.1890613729708481
3,1,2,1,0,1,0,0,0,1,0,4,0.3333333333333333,2,1,-1.5415326523946837,0.9672501174915782,-0.5975841524410084
3,1,2,1,0,0,0,0,0,0,0,4,0.3333333333333333,0,1,-0.5809125836399986,-0.46944185372501884,0.03023841388008231
3,1,2,1,0,1,0,0,0,0,1,4,0.3333333333333333,1,1,0.1566573655120477,-0.08250730778401756,0.4920023141327535
3,1,2,1,0,0,0,0,0,0,0,4,0.3333333333333333,0,1,-0.5128110709385497,-1.923778115109198,0.07361148515927689
3,1,1,0,0,0,0,0,0,0,0,4,0.3333333333333333,0,0,0.18936221460321387,-1.2691117771617466,-0.6484984771910277
3,1,1,0,0,0,0,0,0,0,0,4,0.3333333333333333,0,0,-1.01262575378482,-0.5044877820977102,-1.555632028013617
3,1,1,1,0,0,0,0,0,0,1,4,0.3333333333333333,0,0,0.6107912757113788,-1.170632541747004,-0.34362558642562296
3,1,2,0,0,1,1,0,0,0,1,4,0.3333333333333333,2,1,-1.0630699498395464,0.6558647629886506,-0.28113918400312177
2,1,1,1,0,0,0,0,0,0,0,3,0.5,0,0,1.2035094467769447,-2.7371677119600792,0.07361148515927689
3,1,1,1,0,0,0,0,3,0,2,4,0.3333333333333333,0,0,0.9761251840894329,-1.23915736071134,-0.08485806265851442
3,1,2,1,0,1,0,0,0,0,1,4,0.3333333333333333,1,1,-0.7087966785481402,0.2059550400082722,-0.051615265770449024
2,1,2,1,0,0,0,1,0,0,2,3,0.5,1,1,-1.1673095238906663,0.7226191213102796,-0.34944797547589374
3,2,1,1,1,1,1,0,0,0,0,5,0.6666666666666666,3,0,0.7787549428670155,-0.3620840426661529,-0.2240194342360334
3,1,1,0,0,0,0,0,0,0,1,4,0.3333333333333333,0,0,-1.770055445228159,-0.7034445114360375,-2.1559136197164155
4,2,1,1,0,0,0,1,0,1,0,6,0.5,2,0,0.29689954762408166,0.12224809271889017,-0.570053870597608
3,1,1,0,0,0,0,0,0,0,0,4,0.3333333333333333,0,0,1.1167407533954083,-1.8364205225238532,0.01337443198320882
4,2,2,1,0,0,0,0,2,1,2,6,0.5,1,1,2.2442708718281548,-1.4064373960251153,1.7039000727465488
3,2,1,1,1,1,0,0,3,0,2,5,0.6666666666666666,2,0,1.06344812099612,-1.5047569477554528,-0.02376590165586222
3,1,2,1,0,0,0,0,0,0,1,4,0.3333333333333333,0,1,-1.1673095238906663,0.9495305703749565,-0.34944797547589374
3,1,3,1,0,0,0,1,0,0,1,4,0.3333333333333333,1,1,0.24953532061028658,0.47497765835778755,1.1349782528466166
3,1,2,1,1,1,0,1,2,1,0,4,0.3333333333333333,4,1,1.4087715349076944,-1.1344823945343323,1.2357017183952843
3,2,4,1,0,0,0,0,1,0,2,5,0.6666666666666666,0,1,0.806760195930081,-0.11425201726029326,1.796745563594691
3,1,2,1,0,0,0,0,0,0,0,4,0.3333333333333333,0,1,-0.6510853233775777,0.02885345027660642,-0.014610876873296895
2,1,1,0,0,0,0,0,0,0,0,3,0.5,0,0,-0.6617973044227289,-0.9834380341364157,-1.2851048746199434
3,1,1,1,0,0,0,0,0,0,1,4,0.3333333333333333,0,0,-0.4142984837902342,-0.9733829481414966,-1.0971138336994983
2,2,1,1,0,0,0,1,2,0,1,4,1.0,1,0,-0.05799971573352098,0.5581986772415287,-0.830629842508356
2,1,1,0,0,0,0,0,0,0,1,3,0.5,0,0,0.4507336193851497,-1.0265344397023852,-0.4586109740571249
3,1,2,1,0,0,0,0,0,1,1,4,0.3333333333333333,1,1,-0.7456089458194749,0.671908928064105,-0.07527556157799044
2,1,1,0,0,1,0,0,0,0,1,3,0.5,1,0,-2.5158586434642216,0.7865590109437169,-2.7686829968514655
3,1,2,1,0,1,0,0,0,0,2,4,0.3333333333333333,1,1,-1.0377129413180748,0.5173940181690259,-0.2645758858562712
3,1,2,1,1,0,0,1,1,0,1,4,0.3333333333333333,2,1,0.4681440615226551,-0.43304049326797917,0.6817333411649861
3,1,3,1,0,0,0,0,1,1,0,4,0.3333333333333333,1,1,-2.0798002343721853,2.2634902168682,-0.22802157215149843
2,1,1,1,0,0,0,0,1,0,0,3,0.5,0,0,1.3232474722512937,-2.33457737899363,0.156262382840127
2,1,1,0,0,0,0,0,0,0,0,3,0.5,0,0,-0.45974518033636047,-0.38313142694250085,-1.1314563782134468
3,2,2,1,0,0,0,1,1,1,1,5,0.6666666666666666,2,1,0.7674502422602982,1.1177614729315295,0.8610965132138095
3,2,2,1,0,0,0,0,2,0,1,5,0.6666666666666666,0,1,-0.3322204658288647,-0.21013617041520283,0.18790079132736473
4,1,2,1,0,1,0,0,1,1,1,5,0.25,2,1,2.1198819053689344,-1.065615288843076,1.6356139889419306
4,2,2,1,1,1,0,0,1,0,1,6,0.5,2,1,1.735562615171952,-1.7672543536882352,1.421497859273088
2,1,1,1,0,0,0,0,1,1,1,3,0.5,1,0,1.8945376777226823,-2.135175092072308,0.5430374990862934
3,1,2,1,1,1,0,0,0,0,0,4,0.3333333333333333,2,1,0.5862862307485672,-1.1938011577551495,0.7528766183589424
3,1,2,1,0,0,0,0,0,1,1,4,0.3333333333333333,1,1,-1.2763413674762787,1.4441741163011323,-0.42127439882573203
2,1,2,1,0,0,0,0,0,0,0,3,0.5,0,1,0.7446617384454169,-0.9483535017299206,0.8475417642326116
3,1,2,0,0,0,0,0,1,0,1,4,0.3333333333333333,0,1,-0.7754842160862967,-0.32824003998365253,-0.09450952239825323
4,1,4,1,0,1,0,1,2,0,1,5,0.25,2,1,1.3232474722512937,-1.2734530373035435,2.0498863724925753
4,2,2,1,1,1,0,1,2,1,2,6,0.5,4,1,0.812317847853062,0.9475052497360194,0.8877351489733463
3,1,1,1,0,1,0,0,0,1,2,4,0.3333333333333333,2,0,-1.3644114215778853,1.4246687998158043,-1.8316715013265372
3,2,4,1,0,0,0,1,2,0,0,5,0.6666666666666666,1,1,0.7900007269496643,0.6594548836043846,1.788410796347888
6,1,2,1,0,0,0,0,1,0,0,7,0.16666666666666666,0,1,-0.6869862334969506,0.06841766136028717,-0.0376177778874641
2,1,1,1,0,1,0,0,2,0,2,3,0.5,1,0,-1.0084704086942475,0.30541638023756135,-1.552399986775455
4,3,2,1,0,1,0,0,2,0,1,7,0.75,1,1,-0.16488797186776147,0.5006435002375765,0.29285785776279555
3,1,2,1,0,0,0,0,2,0,1,4,0.3333333333333333,0,1,1.5699671823300358,-2.5267888045952582,1.327777869826999
3,2,2,1,0,0,0,0,2,0,1,5,0.6666666666666666,0,1,-0.6510853233775777,1.4151904349854556,-0.014610876873296895
3,1,1,1,0,1,0,0,2,1,0,4,0.3333333333333333,2,0,1.0302845013849036,-0.40660168117037404,-0.04693308775174673
2,1,1,1,0,0,1,0,0,0,1,3,0.5,1,0,-0.6985929524546727,0.25003330092676207,-1.313255303929328
2,1,1,1,0,0,0,1,2,0,1,3,0.5,1,0,-0.24104744282136803,-0.30975754645541986,-0.9669242870606075
3,1,4,1,0,0,0,1,2,0,1,4,0.3333333333333333,1,1,0.9761251840894329,0.6891383191376407,1.880548013026053
3,1,1,1,0,1,0,0,2,1,2,4,0.3333333333333333,2,0,1.7243202341258226,-1.104397025883418,0.4291044928899761
2,1,1,1,0,1,0,1,2,0,1,3,0.5,2,0,1.6124387894503744,-1.601153560551805,0.35361363546603364
3,1,2,0,0,1,0,0,0,0,1,4,0.3333333333333333,1,1,-2.060459438828736,1.2223239107047625,-0.9491993197171383
3,1,1,1,0,1,0,0,0,1,1,4,0.3333333333333333,2,0,0.6229411171728261,-0.25735529243963645,-0.3349373623320626
4,2,4,1,1,0,0,1,1,1,2,6,0.5,3,1,1.5699671823300358,-0.46148288964884193,2.1682698291127043
3,1,2,1,1,1,0,0,0,1,1,4,0.3333333333333333,3,1,0.3062519071199571,-0.294113036921884,0.5835133188113921
3,2,2,1,0,0,0,1,2,0,2,5,0.6666666666666666,1,1,1.5176121040727772,0.07494213886487942,1.2979638274785992
3,2,4,1,0,0,0,1,2,0,2,5,0.6666666666666666,1,1,1.4365193492262822,0.30311646923503877,2.1044412378822144
2,1,1,1,0,0,0,0,0,0,0,3,0.5,0,0,0.5531782276325689,-1.2594666330420639,-0.3849013248443061
2,1,1,1,0,1,1,0,1,0,2,3,0.5,2,0,2.4402438884258677,-1.5742902326728467,0.9008254998211295
4,2,2,1,0,1,0,0,0,0,1,6,0.5,1,1,-0.10800017961813031,0.21515412314008878,0.328333751134962
3,1,1,1,1,1,0,0,2,0,1,4,0.3333333333333333,2,0,-0.3665865387453845,0.33334220013797583,-1.0611452164564916
3,1,2,1,0,0,0,0,0,0,1,4,0.3333333333333333,0,1,-0.7530418801401408,0.8724097372796658,-0.08005824768595232
3,1,3,1,0,0,0,0,0,1,2,4,0.3333333333333333,1,1,-1.2987600221322324,0.9892133058321618,0.24669348175894612
4,2,4,1,0,0,0,0,1,0,1,6,0.5,0,1,0.6026535307706002,0.29165053081357184,1.6947233291087962
4,2,1,0,0,1,0,1,2,0,1,6,0.5,2,0,-0.11362488551081561,0.5841076634100364,-0.8719109182929021
3,1,1,1,1,1,0,0,0,1,2,4,0.3333333333333333,3,0,0.8344061276029997,-0.6052339608705077,-0.18462956062512556
3,1,3,1,0,0,0,0,0,0,1,4,0.3333333333333333,0,1,-0.7530418801401408,0.9011431207078786,0.56777329688898
3,2,2,1,1,1,0,1,1,0,2,5,0.6666666666666666,3,1,-0.08008523490129839,2.1537421487358546,0.34570357810463787
2,1,1,1,0,0,0,0,1,0,1,3,0.5,0,0,-0.7754842160862967,-0.602641550143106,-1.3722494918741972
3,1,1,1,0,0,0,0,0,1,1,4,0.3333333333333333,1,0,-1.7723385548833668,0.9351706175761298,-2.1577565922230733
2,1,1,1,1,0,0,0,0,0,0,3,0.5,1,0,-0.7604986399078688,-0.8383075964387466,-1.3607340275104394
3,3,1,1,0,1,0,1,2,1,1,6,1.0,3,0,1.1409906415158069,1.2679929390174405,0.03023841388008231
3,2,1,1,1,1,0,0,0,1,0,5,0.6666666666666666,3,0,0.9415645166132919,-0.2385415532533308,-0.10911797587295248
3,2,3,1,0,0,0,1,0,0,1,5,0.6666666666666666,1,1,0.6026535307706002,0.8376598254051272,1.327777869826999
2,1,1,1,0,1,0,0,1,0,1,3,0.5,1,0,0.6269760303091733,-0.9134483294830201,-0.3320532933882602
3,1,1,1,0,1,0,1,0,1,2,4,0.3333333333333333,3,0,-0.6869862334969506,0.5308997271555782,-1.3043699676486546
4,2,2,1,1,1,0,1,1,1,0,6,0.5,4,1,0.8344061276029997,1.116636195914266,0.9008254998211295
3,2,2,1,0,1,0,0,1,0,0,5,0.6666666666666666,1,1,-0.22916275491740012,1.8543941668888755,0.2526494644164651
3,1,1,1,1,1,0,0,0,0,1,4,0.3333333333333333,2,0,0.03351512453046046,0.22769309682736605,-0.7629733218940683
2,1,1,1,0,0,0,0,0,0,0,3,0.5,0,0,-0.38872826911375113,-0.32020065829890376,-1.0778262933789067
4,2,2,1,0,1,0,1,3,1,2,6,0.5,3,1,1.1409906415158069,1.6489352482234096,1.080896566653392
4,1,2,1,0,0,0,1,0,0,1,5,0.25,1,1,0.12650290227939276,-0.19775683589177454,0.47346851429372727
5,2,2,1,0,0,0,0,0,0,1,7,0.4,0,1,0.29689954762408166,-0.7396968465894407,0.5778133989359628
3,2,2,1,1,0,0,0,1,0,1,5,0.6666666666666666,1,1,0.6026535307706002,0.6638431260531137,0.7626972412514591
3,1,1,1,1,1,1,0,0,0,1,4,0.3333333333333333,3,0,1.199192818335363,-1.0464332334160649,0.07062159908929735
2,1,1,1,0,0,0,0,0,0,0,3,0.5,0,0,-0.9437719139177507,-0.7295811768020996,-1.5021633215677956
3,1,1,1,1,1,0,0,2,1,1,4,0.3333333333333333,3,0,0.8344061276029997,-0.0807498048735919,-0.18462956062512556
2,1,1,1,0,0,0,0,0,0,2,3,0.5,0,0,-0.38238013878141575,-0.1013343855176193,-1.0730418232193901
3,2,2,1,0,1,0,0,0,0,0,5,0.6666666666666666,1,1,-0.6582211356597439,0.5710319264400707,-0.01918049908049813
4,2,2,1,0,1,0,1,1,1,1,6,0.5,3,1,0.3886862634107345,1.440923849810348,0.6336319409597182
3,2,2,1,0,1,0,0,2,0,1,5,0.6666666666666666,1,1,-0.49276743599790396,0.6656739080120241,0.08634845032851957
3,1,1,1,0,0,0,0,2,0,2,4,0.3333333333333333,0,0,2.3891579336125357,-2.3421648306294593,0.8678144124627382
3,2,4,1,1,1,0,1,0,1,1,5,0.6666666666666666,4,1,0.6026535307706002,1.1880315808454254,1.6947233291087962
5,3,2,1,0,0,0,0,0,0,0,8,0.6,0,1,2.888980059351792,-1.1281250967410725,2.0498863724925753
3,1,2,1,1,1,0,0,1,1,2,4,0.3333333333333333,3,1,1.0436120208460888,-0.7474717705326693,1.0240296023065028
3,2,4,1,0,0,0,0,1,1,0,5,0.6666666666666666,1,1,1.121869100269971,0.14185478604837307,1.952042839671927
4,1,3,1,0,0,0,0,1,0,1,5,0.25,0,1,-0.9632394955956746,2.134408599105243,0.4451327032790737
4,2,4,1,0,0,0,1,2,0,2,6,0.5,1,1,1.5699671823300358,-0.19327431994450112,2.1682698291127043
4,2,2,0,1,1,0,0,1,0,2,6,0.5,2,1,-1.3356454984080413,2.250600070693866,-0.46050392127356793
2,1,2,1,0,0,0,0,0,0,0,3,0.5,0,1,0.07013813717650608,-1.6639183356054519,0.43874635974664866
3,1,1,1,0,1,0,1,0,1,2,4,0.3333333333333333,3,0,0.7674502422602982,-0.06827743993077202,-0.2320354334080472
3,1,3,1,0,0,0,0,0,1,2,4,0.3333333333333333,1,1,-2.0798002343721853,1.6222530220640463,-0.22802157215149843
2,1,1,1,1,1,0,0,2,0,2,3,0.5,2,0,0.9064365005944799,-0.19762492015833658,-0.1338231405691377
3,1,2,1,0,1,0,0,0,0,0,4,0.3333333333333333,1,1,-0.9878030117024219,-0.6066399752414301,-0.2320354334080472
4,1,2,1,0,0,0,0,0,0,1,5,0.25,0,1,0.34327030760885474,-0.12814187954410675,0.6060469748809956
4,2,2,1,1,0,0,0,2,0,1,6,0.5,1,1,1.767046372256911,-1.5242918264355874,1.4392166938531195
2,1,1,1,0,0,0,0,0,0,1,3,0.5,0,0,-0.11362488551081561,-0.4747575246595437,-0.8719109182929021
3,1,1,1,0,0,0,0,0,1,1,4,0.3333333333333333,1,0,-0.21734000145996402,0.38981461907191584,-0.9491993197171383
4,1,2,1,1,1,0,1,1,0,2,5,0.25,3,1,-0.003716678110936705,0.6676206300140999,0.3930945474489064
3,2,1,1,1,1,0,0,0,0,1,5,0.6666666666666666,2,0,1.3377462332915957,-1.179681824294959,0.1662330370374582
2,1,2,1,0,0,0,0,0,0,0,3,0.5,0,1,-0.3384304627020926,-0.4257666149053341,0.18398822635952275
4,1,2,0,0,0,0,0,1,0,1,5,0.25,0,1,-0.7754842160862967,-0.011681703302027464,-0.09450952239825323
2,2,1,1,1,1,0,0,0,0,1,4,1.0,2,0,-0.35090140908196976,0.45026184408499503,-1.0493398341109121
2,1,1,1,1,1,0,0,2,0,1,3,0.5,2,0,0.5406320481627609,-0.771004234772935,-0.39390670911743875
3,1,2,1,1,1,0,1,1,0,2,4,0.3333333333333333,3,1,0.041413518366853495,-0.8024916856207165,0.42101177627690056
3,1,2,1,0,0,0,1,0,0,0,4,0.3333333333333333,1,1,-0.4142984837902342,-0.9802760796033386,0.1360873830934655
4,2,2,1,1,1,0,0,1,1,1,6,0.5,3,1,0.856269961073905,-0.3154616856661242,0.9137673567651428
3,1,1,1,0,1,0,0,2,0,0,4,0.3333333333333333,1,0,-0.7981449324712384,0.10323669126701306,-1.389679280896307
3,2,1,1,0,0,0,0,2,0,0,5,0.6666666666666666,0,0,1.2035094467769447,-0.1655388519817645,0.07361148515927689
2,1,1,1,0,0,0,1,2,0,2,3,0.5,1,0,-0.11362488551081561,-0.0011726661006673314,-0.8719109182929021
2,1,1,1,0,1,0,1,1,0,2,3,0.5,2,0,0.6026535307706002,-0.541869132375033,-0.34944797547589374
4,1,2,1,0,1,0,1,0,0,2,5,0.25,2,1,-0.2529946812493116,0.7700039368414557,0.2377069720921727
2,1,2,1,0,0,0,1,0,1,0,3,0.5,2,1,0.4854173051641071,-0.1914656009590009,0.6921631016901568
3,1,2,1,0,0,0,0,0,0,2,4,0.3333333333333333,0,1,-0.44015756305204395,0.17149602915053547,0.11971816169167773
2,1,1,1,0,0,0,0,1,0,0,3,0.5,0,0,-0.38872826911375113,-0.40059618870330105,-1.0778262933789067
2,1,1,1,0,0,0,0,0,0,0,3,0.5,0,0,-0.4142984837902342,-0.939120908162676,-1.0971138336994983
2,1,1,1,1,1,0,0,0,0,1,3,0.5,2,0,0.04928414644426362,0.28758154682836784,-0.7513479297382611
3,2,2,1,0,1,0,1,1,0,1,5,0.6666666666666666,2,1,-0.4142984837902342,1.6988805382488115,0.1360873830934655
4,2,2,1,1,0,1,0,1,0,1,6,0.5,2,1,0.8398929588734352,-0.08718735795412522,0.9040747666764788
3,1,2,1,0,0,0,1,0,0,0,4,0.3333333333333333,1,1,0.3886862634107345,-0.6052339608705077,0.6336319409597182
3,1,4,1,0,0,0,0,0,0,2,4,0.3333333333333333,0,1,0.1516598840728518,0.4821355312156456,1.4653010841865945
3,2,4,1,1,0,0,1,0,0,2,5,0.6666666666666666,2,1,0.04928414644426362,1.0145349243426045,1.412455545202623
5,1,2,1,1,1,0,1,0,1,2,6,0.2,4,1,0.34327030760885474,0.2370430736610817,0.6060469748809956
2,1,2,1,0,0,1,0,1,0,1,3,0.5,1,1,-0.11362488551081561,-0.8976975428356715,0.32483077897493223
2,1,1,0,0,1,0,0,0,0,1,3,0.5,1,0,-0.7604986399078688,-0.1512733722353746,-1.3607340275104394
3,1,1,1,0,0,0,0,0,0,2,4,0.3333333333333333,0,0,1.36644627159696,-1.4905827087568946,0.18594599663898317
3,1,2,1,0,1,0,0,2,1,1,4,0.3333333333333333,2,1,-0.8364091369742315,0.832652853506601,-0.1338231405691377
3,1,1,1,0,0,0,0,0,0,0,4,0.3333333333333333,0,0,-1.1146157499361842,0.5148121688746982,-1.6351693113670724
2,1,1,1,0,1,0,0,0,0,2,3,0.5,1,0,-0.3938194954339005,0.350272714313686,-1.081664580730672
3,2,3,1,1,0,0,1,0,0,2,5,0.6666666666666666,2,1,0.7408401792327485,0.07835917858244498,1.4022391323966417
3,2,1,1,0,1,0,1,1,0,2,5,0.6666666666666666,2,0,-0.7905668480236172,0.595497043050085,-1.3838482910043766
3,1,2,1,0,1,1,0,1,0,2,4,0.3333333333333333,2,1,-0.38872826911375113,1.6835889862262317,0.15225247226211766
3,1,2,1,0,0,0,0,0,0,1,4,0.3333333333333333,0,1,0.059735443628735965,-0.5329421734268615,0.4323268138706359
3,1,2,1,0,0,0,0,0,0,2,4,0.3333333333333333,0,1,-1.6859482777076544,0.036943606619951906,-0.6945582053030643
3,1,1,1,0,1,0,1,2,1,1,4,0.3333333333333333,3,0,0.9829707515891658,-0.3192136348244308,-0.08005824768595232
3,1,1,1,0,0,0,0,0,0,1,4,0.3333333333333333,0,0,-0.20557857525571602,-0.04173780870011133,-0.9404138790190639
2,1,2,1,1,1,0,0,0,0,1,3,0.5,2,1,-0.56026995362667,0.22917873176583703,0.04340132566914535
3,1,1,1,0,0,0,0,0,0,0,4,0.3333333333333333,0,0,2.3967335883229,-3.085098645044755,0.8727160003921279
4,1,3,1,0,0,0,0,0,0,0,5,0.25,0,1,0.24953532061028658,-1.4653410329600274,1.1349782528466166
4,3,2,0,0,0,0,0,0,0,1,7,0.75,0,1,-1.5415326523946837,1.6097629968736284,-0.5975841524410084
3,1,2,0,0,0,0,0,1,0,0,4,0.3333333333333333,0,1,-0.6869862334969506,-0.42194690291034126,-0.0376177778874641
2,1,1,1,0,0,1,0,1,0,2,3,0.5,1,0,-0.9228626568018784,0.6676206300140999,-1.4859624070784145
3,1,2,1,0,1,0,0,0,1,2,4,0.3333333333333333,2,1,-2.0798002343721853,1.454622438424845,-0.9624736159522447
3,1,1,1,0,1,0,0,0,0,1,4,0.3333333333333333,1,0,0.5965301979527183,-0.8761473564038859,-0.3538307725089988
3,2,3,1,0,0,1,0,1,1,2,5,0.6666666666666666,2,1,1.1352722761970244,0.36069578803000474,1.6117247392348135
3,1,1,1,1,1,0,1,2,1,2,4,0.3333333333333333,4,0,0.7446617384454169,-0.14340135062176948,-0.2482093559174944
2,1,2,1,0,0,0,0,0,1,2,3,0.5,1,1,-0.7456089458194749,0.8923894694176709,-0.07527556157799044
3,2,2,1,0,0,1,0,2,0,1,5,0.6666666666666666,1,1,-0.6653790030627268,0.45231423788965786,-0.02376590165586222
3,2,4,1,1,0,0,1,1,0,2,5,0.6666666666666666,2,1,0.6026535307706002,0.6933387147326568,1.6947233291087962
3,1,3,1,0,0,0,1,2,0,0,4,0.3333333333333333,1,1,1.400935600388938,-0.7359816797490601,1.7502749202756027
3,1,1,1,0,0,1,0,2,0,1,4,0.3333333333333333,1,0,0.5195602697257854,-0.7480902997542774,-0.4090452075698922
3,1,2,1,0,1,0,1,0,0,0,4,0.3333333333333333,2,1,-1.2094199790741087,1.2142496252627055,-0.37714316824183447
2,1,1,1,1,1,0,0,0,0,1,3,0.5,2,0,-0.5809125836399986,0.6519838113252564,-1.2234078533168025
3,1,1,1,0,0,0,0,0,0,0,4,0.3333333333333333,0,0,-0.5128110709385497,-0.17985903288468735,-1.1716573012672666
3,1,2,1,1,1,0,1,0,1,0,4,0.3333333333333333,4,1,0.2186820074588276,0.4025600016689071,0.5300321316645654
3,1,1,1,0,0,0,0,2,1,0,4,0.3333333333333333,1,0,0.09079940964718694,-0.14421923723910818,-0.7207874296599704
4,1,2,1,0,0,0,0,0,0,1,5,0.25,0,1,-0.5520643750733851,-0.2541193319330411,0.04862983613596393
3,1,4,1,1,0,0,1,2,0,0,4,0.3333333333333333,2,1,0.6026535307706002,0.9975279680929191,1.6947233291087962
5,2,1,0,0,1,0,1,1,0,2,7,0.4,2,0,-1.636846646291006,1.3772774498555254,-2.048734111836471
3,1,2,1,0,0,0,1,0,0,1,4,0.3333333333333333,1,1,0.58135196593944,-0.3783110504346153,0.7499142917771949
3,1,3,1,0,0,0,0,0,1,2,4,0.3333333333333333,1,1,-2.0798002343721853,1.5892463843610627,-0.22802157215149843
2,1,1,1,0,0,0,0,1,0,1,3,0.5,0,0,1.925202507080486,-1.5353370350848983,0.5634447226195336
2,2,1,0,1,1,0,0,1,0,0,4,1.0,2,0,-0.42331598839822254,-0.5120357296180512,-1.1039217253636606
3,2,2,1,0,0,0,0,1,0,1,5,0.6666666666666666,0,1,0.3886862634107345,0.2018870786731154,0.6336319409597182
3,1,1,1,0,0,0,0,2,0,2,4,0.3333333333333333,0,0,1.36644627159696,-1.9091994448939351,0.18594599663898317
3,1,1,1,0,0,0,0,3,0,1,4,0.3333333333333333,0,0,0.34327030760885474,-0.6705877322314202,-0.5363653860328355
4,2,2,1,0,0,0,0,0,0,2,6,0.5,0,1,1.0831008969653864,-0.4348623369240225,1.0471270219781588
2,1,1,0,0,0,0,0,0,0,2,3,0.5,0,0,-1.449840726698816,0.39861747515225515,-1.899428247792582
3,1,1,1,0,1,0,0,1,1,2,4,0.3333333333333333,2,0,1.5699671823300358,-0.8383075964387466,0.32483077897493223
5,2,3,0,0,1,1,0,0,0,0,7,0.4,2,1,0.04928414644426362,0.6041914501189776,1.0240296023065028
3,1,2,1,0,0,0,0,1,0,2,4,0.3333333333333333,0,1,-0.4142984837902342,0.5512536186432182,0.1360873830934655
4,1,2,1,0,0,0,0,3,0,1,5,0.25,0,1,-0.6653790030627268,-0.37994187686018593,-0.02376590165586222
3,1,1,1,1,1,0,1,1,1,1,4,0.3333333333333333,4,0,0.7598807547059794,0.10416499137007593,-0.23740559169105477
3,1,2,0,0,1,0,0,0,0,0,4,0.3333333333333333,1,1,-2.8201618593692963,2.1773564312540996,-1.4797740025927124
2,1,1,0,0,0,0,0,1,0,0,3,0.5,0,0,-0.16488797186776147,0.009323725511516476,-0.9100603149168394
2,1,1,1,0,0,0,0,1,0,1,3,0.5,0,0,1.092859534064616,-1.8123081899981603,-0.003255223976149113
4,2,1,1,0,1,0,0,1,1,1,6,0.5,2,0,0.703805564181698,0.006351422365367192,-0.27725659072793346
3,1,1,1,0,0,0,0,1,1,1,4,0.3333333333333333,1,0,1.288036228335727,-1.0540511606653102,0.13201439529817563
2,1,1,1,0,1,0,0,1,0,1,3,0.5,1,0,-0.3384304627020926,0.6621182258739476,-1.0399603694772708
3,1,1,1,0,0,0,0,0,1,1,4,0.3333333333333333,1,0,-0.7456089458194749,0.9161637307440113,-1.3493008282132268
2,1,2,1,1,0,0,0,0,1,1,3,0.5,2,1,-2.039994821341943,1.9218495197679626,-0.9351669613248348
3,1,1,1,0,0,0,1,2,0,1,4,0.3333333333333333,1,0,1.3174197901834928,-1.7672901315137146,0.15225247226211766
2,1,1,1,0,0,0,0,1,1,0,3,0.5,1,0,-0.7515533918496194,0.13974168528768077,-1.353864303759517
2,1,1,1,0,0,0,0,0,0,0,3,0.5,0,0,-0.4142984837902342,-0.2868388864261778,-1.0971138336994983
3,1,2,1,0,1,0,0,0,0,1,4,0.3333333333333333,1,1,-0.7981449324712384,-0.11063701993680633,-0.10911797587295248
3,1,2,1,0,0,0,0,2,1,2,4,0.3333333333333333,1,1,-0.21734000145996402,-0.02858421357950655,0.26005545296828375
3,1,1,1,0,0,0,1,2,0,1,4,0.3333333333333333,1,0,2.8071361820952347,-2.3354727094617815,1.1349782528466166
3,1,2,1,0,0,0,1,0,0,2,4,0.3333333333333333,1,1,1.0276089600651377,-1.5122879588699674,1.014654966760389
3,1,2,1,0,1,0,1,1,0,2,4,0.3333333333333333,2,1,0.729719308592106,-0.6429818341953009,0.8386448266212968
3,1,2,0,0,0,0,0,0,0,1,4,0.3333333333333333,0,1,-1.1673095238906663,-0.3828344362264062,-0.34944797547589374
3,1,2,1,0,1,0,0,0,0,0,4,0.3333333333333333,1,1,0.9761251840894329,-0.8955590456863841,0.9844397055328814
3,1,3,1,0,0,0,0,2,1,1,4,0.3333333333333333,1,1,2.1238265604595354,-1.633707305137457,2.116925696006639
2,1,1,1,0,0,0,0,0,0,0,3,0.5,0,0,0.13155706970264863,-1.2701615701429552,-0.690849175603025
4,1,2,1,0,0,0,1,0,0,1,5,0.25,1,1,-0.7905668480236172,0.5824197281443076,-0.10423083760199406
2,1,1,0,0,0,0,0,0,0,0,3,0.5,0,0,-1.1673095238906663,-0.794414645144805,-1.6764202274922317
2,1,1,1,0,0,0,0,0,0,0,3,0.5,0,0,-0.6653790030627268,-0.5107656114707945,-1.2878427497427358
4,1,2,1,0,0,0,0,0,0,0,5,0.25,0,1,0.34327030760885474,-1.5439534641539456,0.6060469748809956
3,1,2,0,0,0,0,0,0,0,0,4,0.3333333333333333,0,1,0.10105882316718631,-0.7899663417783682,0.4578070083846074
4,1,2,1,1,1,0,0,0,0,1,5,0.25,2,1,0.3886862634107345,-0.7904513390168058,0.6336319409597182
4,2,2,0,0,0,0,0,0,0,1,6,0.5,0,1,-0.4142984837902342,0.29165053081357184,0.1360873830934655
2,1,1,1,0,0,0,0,0,0,2,3,0.5,0,0,-0.6582211356597439,-0.05024047526816068,-1.2823717204913228
2,1,1,0,0,0,0,0,0,0,2,3,0.5,0,0,-0.11362488551081561,-0.5014532136761672,-0.8719109182929021
2,1,1,0,0,0,0,0,0,0,1,3,0.5,0,0,-0.11362488551081561,-0.7510607431763309,-0.8719109182929021
6,2,2,1,0,0,0,0,0,0,2,8,0.3333333333333333,0,1,-0.22916275491740012,1.197287457850317,0.2526494644164651
3,2,2,1,0,0,0,0,2,0,1,5,0.6666666666666666,0,1,-1.01262575378482,1.6714479295266012,-0.2482093559174944
2,2,1,0,0,1,0,0,0,0,1,4,1.0,1,0,-1.0377129413180748,0.7170583215871352,-1.575159096337328
4,2,2,1,0,1,0,0,2,0,2,6,0.5,1,1,-0.11362488551081561,-0.5014532136761672,0.32483077897493223
2,2,1,1,0,1,0,0,0,0,1,4,1.0,1,0,-0.7456089458194749,0.24702915157630406,-1.3493008282132268
2,1,2,1,0,0,0,0,1,0,1,3,0.5,0,1,-0.38872826911375113,0.18882727077602,0.15225247226211766
4,1,2,1,0,0,0,1,2,1,1,5,0.25,2,1,-0.17065631798205913,0.849243209567234,0.28925480769342937
2,1,1,1,0,0,0,0,2,0,1,3,0.5,0,0,-0.3540298249423889,-0.5854536697945247,-1.0516936729489876
3,1,1,1,1,1,0,1,0,0,0,4,0.3333333333333333,3,0,-0.3136913379236061,0.457025898304989,-1.021371687790145
2,1,1,1,0,0,0,0,0,0,0,3,0.5,0,0,-0.6869862334969506,-0.7654530982371243,-1.3043699676486546
2,1,1,1,0,0,0,0,2,0,0,3,0.5,0,0,0.5322277056372438,-1.0394462409297798,-0.3999425546245003
3,2,2,1,1,1,0,0,1,1,2,5,0.6666666666666666,3,1,0.8743214557948832,-0.4673525709198269,0.9244409713898023
3,2,2,1,0,0,0,0,2,0,0,5,0.6666666666666666,0,1,0.147653807819023,-0.4333075816838341,0.48647154369407386
4,2,2,1,0,0,0,1,2,0,0,6,0.5,1,1,0.34327030760885474,0.3276332662274954,0.6060469748809956
3,2,2,0,0,1,0,1,1,0,1,5,0.6666666666666666,2,1,-1.351903693662207,1.923163543455221,-0.4712786140524111
3,1,2,1,0,0,0,0,1,0,1,4,0.3333333333333333,0,1,-0.38872826911375113,0.4525697304321964,0.15225247226211766
3,1,2,1,0,1,0,0,0,0,2,4,0.3333333333333333,1,1,-0.5843710531695998,0.7961071873577438,0.028031748205187376
3,1,1,1,1,1,0,1,2,1,1,4,0.3333333333333333,4,0,1.293945916343007,-0.6449365499761004,0.1360873830934655
3,1,1,1,1,1,0,0,2,1,2,4,0.3333333333333333,3,0,0.812317847853062,-0.12074453805958378,-0.20024939173017656
2,1,1,1,0,0,0,0,1,0,1,3,0.5,0,0,-0.6582211356597439,0.03671206381291117,-1.2823717204913228
2,1,1,1,0,0,0,1,2,1,0,3,0.5,2,0,1.8678806544581665,-1.8702554744491928,0.5252681975485809
3,1,1,0,0,0,0,1,0,0,0,4,0.3333333333333333,1,0,-1.1673095238906663,0.25897852015466705,-1.6764202274922317
2,1,1,1,0,0,0,0,0,1,1,3,0.5,1,0,-0.4142984837902342,-0.14735989068218716,-1.0971138336994983
3,1,2,1,0,0,0,0,0,0,0,4,0.3333333333333333,0,1,-0.8753107064824648,0.5481844446589921,-0.1589884581216969
3,2,3,1,0,0,0,1,0,0,0,5,0.6666666666666666,1,1,0.7974654705383901,-0.13684389647451758,1.4325910744310173
2,1,1,1,0,0,0,0,1,0,0,3,0.5,0,0,-0.8674784393617482,-1.1344823945343323,-1.4431311897427712
3,1,2,1,1,0,0,0,0,0,1,4,0.3333333333333333,1,1,0.8526413925956997,-1.0859979315949988,0.9116205642964473
3,1,2,1,0,1,0,0,1,0,0,4,0.3333333333333333,1,1,-1.5003490921838047,0.31002295718875916,-0.570053870597608
2,1,1,1,0,0,0,0,0,0,1,3,0.5,0,0,-1.3185506218763932,0.32422064157600744,-1.7954142409096139
3,1,3,1,0,1,0,0,0,1,0,4,0.3333333333333333,2,1,0.7674502422602982,0.014329809906669827,1.41651410274624
2,1,1,1,0,0,0,0,0,0,0,3,0.5,0,0,0.022940420324498605,-0.8105221923503545,-0.7707746723342594
2,1,1,1,0,0,0,0,0,0,2,3,0.5,0,0,-0.6869862334969506,0.2094475180782596,-1.3043699676486546
3,1,3,1,0,0,0,1,0,0,0,4,0.3333333333333333,1,1,0.04928414644426362,0.7153189936654332,1.0240296023065028
2,1,1,1,0,0,0,0,0,0,0,3,0.5,0,0,-1.01262575378482,-0.7396968465894407,-1.555632028013617
4,2,4,1,0,0,0,1,1,0,2,6,0.5,1,1,0.6026535307706002,0.8376598254051272,1.6947233291087962
4,2,2,0,0,0,0,1,0,0,1,6,0.5,1,1,0.812317847853062,-0.469149473569595,0.8877351489733463
3,2,2,1,0,1,0,1,1,0,2,5,0.6666666666666666,2,1,1.5387130071523025,-0.5462655998754397,1.3099905110590326
4,1,2,1,0,0,0,0,0,0,2,5,0.25,0,1,-0.19387787782703653,0.08944747665573757,0.2747391711464735
3,2,3,1,0,0,0,1,0,0,2,5,0.6666666666666666,1,1,1.36644627159696,-0.5160977487412445,1.7324034999980311
3,1,2,1,0,0,0,1,0,0,2,4,0.3333333333333333,1,1,-0.6582211356597439,0.813282158937227,-0.01918049908049813
2,1,2,1,0,0,0,0,0,1,2,3,0.5,1,1,2.113950371895774,-1.9590531714373383,1.632345350351275
3,1,1,1,0,0,0,0,1,0,0,4,0.3333333333333333,0,0,0.5531782276325689,-1.41582442090862,-0.3849013248443061
3,2,1,1,1,1,0,1,0,0,2,5,0.6666666666666666,3,0,-1.0377129413180748,1.8536536149229814,-1.575159096337328
4,2,2,1,0,0,0,1,1,1,1,6,0.5,2,1,0.8160149993139402,1.2122341569714656,0.8899273161719836
3,2,4,1,0,0,0,1,2,0,2,5,0.6666666666666666,1,1,0.9761251840894329,0.5725220714292352,1.880548013026053
5,2,2,1,0,1,1,0,2,0,0,7,0.4,2,1,1.2791404245515428,0.31002295718875916,1.1610494844184085
3,2,1,1,0,1,0,0,0,0,1,5,0.6666666666666666,1,0,0.3886862634107345,0.015815193629311965,-0.5034507561054166
4,2,2,1,0,0,0,0,1,0,1,6,0.5,0,1,1.925202507080486,-1.5353370350848983,1.5277444271164924
2,1,1,1,0,0,0,0,1,0,0,3,0.5,0,0,-1.1068118617085356,0.22525210392226117,-1.6290692197249388
3,1,1,1,0,0,0,0,2,0,0,4,0.3333333333333333,0,0,-0.5128110709385497,-0.09474889735617778,-1.1716573012672666
4,2,2,1,0,0,0,0,0,0,1,6,0.5,0,1,-0.8210280806330643,1.1507209070563693,-0.12388670670394669
3,2,3,1,0,0,0,1,2,0,1,5,0.6666666666666666,1,1,-0.35090140908196976,1.4604560103496,0.7988057253719544
3,1,4,1,0,0,0,1,1,0,0,4,0.3333333333333333,1,1,0.7312566257643444,0.6207852381412099,1.7591364569846404
3,1,2,1,0,0,0,0,1,1,1,4,0.3333333333333333,1,1,-0.5195312977517671,0.674006734794315,0.06933812655390187
3,1,1,1,0,0,0,0,0,0,0,4,0.3333333333333333,0,0,-0.5809125836399986,-0.1638241157811892,-1.2234078533168025
2,1,1,1,0,0,0,0,0,0,1,3,0.5,0,0,-0.6869862334969506,0.29165053081357184,-1.3043699676486546
3,1,1,1,1,1,0,0,0,0,2,4,0.3333333333333333,2,0,0.6269760303091733,-1.491160417125219,-0.3320532933882602
3,1,1,1,1,1,0,0,2,1,1,4,0.3333333333333333,3,0,1.005068447380828,-0.6971615881926689,-0.06457657958813653
3,1,2,0,0,0,0,0,0,0,2,4,0.3333333333333333,0,1,-1.0630699498395464,0.24127110047769115,-0.28113918400312177
3,2,4,1,0,0,0,1,0,1,2,5,0.6666666666666666,2,1,0.7446617384454169,0.7707700899060373,1.7658249253939073
3,1,2,1,0,0,0,0,1,0,0,4,0.3333333333333333,0,1,-0.4142984837902342,-0.9051926007273176,0.1360873830934655
3,1,2,1,0,0,0,0,0,0,0,4,0.3333333333333333,0,1,-0.1880501177219522,-0.7015150447976796,0.27838370237153676
2,1,1,1,1,1,0,1,0,0,1,3,0.5,3,0,0.5195602697257854,-0.32824003998365253,-0.4090452075698922
3,1,2,1,0,0,0,0,0,0,1,4,0.3333333333333333,0,1,-0.42073593251665226,-0.22340738565121235,0.13201439529817563
3,1,2,0,1,1,0,1,0,0,0,4,0.3333333333333333,3,1,-2.0412689018831327,2.272503290203691,-0.9360401861242418
2,1,1,1,0,0,0,0,0,1,1,3,0.5,1,0,-0.7754842160862967,0.363898470857574,-1.3722494918741972
2,1,1,1,0,0,0,0,1,0,2,3,0.5,0,0,0.561502462740549,-1.2681091980573993,-0.3789297032809202
4,1,2,1,0,0,0,1,2,0,1,5,0.25,1,1,-0.10800017961813031,0.13034638518264263,0.328333751134962
2,1,1,1,0,0,0,0,0,0,2,3,0.5,0,0,-0.05799971573352098,-1.0155549176648258,-0.830629842508356
4,1,2,1,1,1,0,1,2,0,2,5,0.25,3,1,1.115456726391609,1.462862811077861,1.0660148445597788
3,1,2,1,0,0,0,0,2,0,2,4,0.3333333333333333,0,1,-0.4142984837902342,0.4821355312156456,0.1360873830934655
2,2,2,1,0,1,0,0,1,0,2,4,1.0,1,1,-0.6869862334969506,-0.7654530982371243,-0.0376177778874641
3,2,1,1,0,1,0,1,0,1,0,5,0.6666666666666666,3,0,0.8344061276029997,-0.01609979359553918,-0.18462956062512556
3,1,4,1,0,0,0,1,0,0,1,4,0.3333333333333333,1,1,0.2351262600110567,-0.12892252812724087,1.5081757655978927
2,1,1,1,0,0,0,0,0,0,0,3,0.5,0,0,-0.17065631798205913,-1.2878261730305733,-0.9143593893435309
4,2,1,1,0,1,0,0,0,0,1,6,0.5,1,0,0.149156931028188,0.09009925223489197,-0.6779410911156133
4,1,2,0,0,0,0,0,0,0,0,5,0.25,0,1,-0.6439714381291333,-0.4673525709198269,-0.01005693772174746
3,1,1,1,0,0,0,0,1,1,1,4,0.3333333333333333,1,0,1.8743548093073938,-1.639606093123574,0.5295863044661546
3,2,3,1,0,0,0,1,0,1,0,5,0.6666666666666666,2,1,0.8344061276029997,0.01263576260348312,1.452341553312336
4,2,2,0,0,0,0,0,0,0,1,6,0.5,0,1,-1.403311697013915,1.4444287387900099,-0.505404392194758
3,1,3,1,0,0,0,0,0,0,0,4,0.3333333333333333,0,1,-0.3136913379236061,0.5897181453276464,0.8199444895596223
2,1,1,1,0,0,0,1,1,0,1,3,0.5,1,0,1.5387130071523025,-0.49169012776469256,0.30360578842748387
2,1,1,1,0,0,0,0,1,1,0,3,0.5,1,0,0.3062519071199571,-1.0276532876547393,-0.5632526954675932
3,1,4,1,0,0,0,1,3,1,2,4,0.3333333333333333,2,1,0.8344061276029997,0.5213808379852161,1.8104777744427507
4,2,2,1,0,0,0,1,1,1,2,6,0.5,2,1,0.09079940964718694,1.7890961693709142,0.451486151757872
3,1,2,1,0,0,0,0,1,0,1,4,0.3333333333333333,0,1,0.11127130242669737,-0.1672241497952121,0.4640955723432453
3,1,2,0,0,0,0,1,1,0,1,4,0.3333333333333333,1,1,0.7900007269496643,-1.1728766343871122,0.8744932145483038
3,1,2,1,0,1,0,1,0,0,1,4,0.3333333333333333,2,1,-0.10238946645195181,0.3855228719076876,0.3318269900714074
2,1,1,0,0,0,0,0,0,0,0,3,0.5,0,0,-1.2486113389407953,-0.167454866519617,-1.7402772547963647
3,1,1,1,0,0,0,0,1,0,1,4,0.3333333333333333,0,0,1.5374004684774898,-0.008433653594170247,0.30271361261206203
3,1,2,0,0,0,0,0,1,0,1,4,0.3333333333333333,0,1,-0.9148700084384708,-0.28167399352352973,-0.18462956062512556
2,1,2,1,0,0,0,0,0,1,1,3,0.5,1,1,0.34327030760885474,-0.25121431221262414,0.6060469748809956
3,1,2,1,0,0,0,1,1,0,2,4,0.3333333333333333,1,1,-1.0276459923831143,1.1971980174757912,-0.258005897576865
3,1,3,1,0,0,1,1,0,1,1,4,0.3333333333333333,3,1,-1.917014921730676,1.5911393051887475,-0.12760430428717057
3,1,2,1,0,1,0,1,0,0,0,4,0.3333333333333333,2,1,0.17158283922434023,-0.36619900795890886,0.5011650753132952
4,1,2,1,0,0,0,1,2,0,0,5,0.25,1,1,-0.7604986399078688,0.032124608467955215,-0.08485806265851442
4,2,2,1,1,1,0,0,0,1,1,6,0.5,3,1,0.8344061276029997,-0.3863728905698146,0.9008254998211295
3,1,2,1,0,1,0,0,0,0,1,4,0.3333333333333333,1,1,-1.13555281009036,0.5683987907613192,-0.32860028340947395
3,1,2,0,0,0,0,0,0,0,0,4,0.3333333333333333,0,1,-1.0377129413180748,-0.04828631566244656,-0.2645758858562712
3,1,3,1,0,0,0,1,0,0,1,4,0.3333333333333333,1,1,0.1516598840728518,0.5558188831884217,1.080896566653392
4,2,2,1,0,0,0,1,1,0,2,6,0.5,1,1,0.6983513571546451,0.5165501374268878,0.8199444895596223
3,2,4,1,0,0,0,1,0,0,0,5,0.6666666666666666,1,1,0.6026535307706002,0.03957641369399821,1.6947233291087962
3,1,3,1,1,0,0,1,1,0,2,4,0.3333333333333333,2,1,0.3886862634107345,0.3410252679872567,1.2113867681701334
1,1,1,0,0,0,0,0,0,0,0,2,1.0,0,0,-0.43366537481380346,-1.3557546687594069,-1.1117390045974427
4,1,2,1,1,1,0,1,2,1,2,5,0.25,4,1,1.3232474722512937,0.7355645134409776,1.1865105942218563
4,1,1,0,0,1,0,0,0,0,0,5,0.25,1,0,-0.35090140908196976,0.07121978088920192,-1.0493398341109121
2,1,1,1,0,0,0,0,0,0,1,3,0.5,0,0,-0.5128110709385497,0.14964011966485352,-1.1716573012672666
3,1,1,1,0,1,0,1,1,1,2,4,0.3333333333333333,3,0,2.0668717412925752,-1.1287219241368414,0.65725743070845
3,1,3,1,0,0,0,0,0,0,1,4,0.3333333333333333,0,1,-0.3640696654733457,0.2345210556361356,0.7913152565796069
3,2,2,1,0,0,0,0,0,1,1,5,0.6666666666666666,1,1,1.2340883484968885,0.6501561775104313,1.1349782528466166
3,1,1,1,1,1,0,0,0,1,1,4,0.3333333333333333,3,0,0.9415645166132919,-0.4770711131273057,-0.10911797587295248
3,1,2,1,0,1,0,1,0,1,2,4,0.3333333333333333,3,1,0.8160149993139402,0.6949087260275569,0.8899273161719836
3,1,1,1,0,0,0,0,2,1,0,4,0.3333333333333333,1,0,-0.7456089458194749,0.24141515628874657,-1.3493008282132268
3,1,1,1,0,1,0,1,0,1,1,4,0.3333333333333333,3,0,0.6430412119229991,-0.3517159152390066,-0.3205764536905259
4,1,2,1,0,0,0,0,0,0,0,5,0.25,0,1,-1.1673095238906663,-0.8383075964387466,-0.34944797547589374
3,1,1,1,0,0,0,0,2,1,1,4,0.3333333333333333,1,0,0.6188987046421432,-0.479692917226265,-0.33782741921586223
2,1,1,1,0,0,0,0,2,0,0,3,0.5,0,0,-1.0084704086942475,0.3660157265912039,-1.552399986775455
2,1,1,1,0,0,0,0,0,0,2,3,0.5,0,0,0.7446617384454169,-0.9483535017299206,-0.2482093559174944
2,1,1,1,0,0,0,0,0,0,0,3,0.5,0,0,0.9064365005944799,-2.2151016730598343,-0.1338231405691377
3,1,2,0,0,0,1,0,1,0,0,4,0.3333333333333333,1,1,-0.1997206725133465,-1.0260214340534668,0.2710841353263893
4,2,1,1,0,1,0,0,0,1,0,6,0.5,2,0,-2.0798002343721853,2.030022495484332,-2.407789992323477
2,1,2,1,1,1,0,0,0,1,1,3,0.5,3,1,-1.2856568778073638,1.6108959886039247,-0.42742902583383663
3,1,2,1,0,1,0,1,0,0,1,4,0.3333333333333333,2,1,-1.1673095238906663,1.6582711166968882,-0.34944797547589374
4,2,2,1,0,1,0,1,2,0,1,6,0.5,2,1,-0.8210280806330643,1.2328839886771514,-0.12388670670394669
3,1,2,0,0,0,0,0,0,0,1,4,0.3333333333333333,0,1,-1.8571678152130007,1.9911972741494517,-0.8104092820149538
3,1,2,1,0,0,0,0,0,0,0,4,0.3333333333333333,0,1,-0.17065631798205913,-1.3923817580684816,0.28925480769342937
3,1,2,1,0,1,0,0,1,0,1,4,0.3333333333333333,1,1,-0.7981449324712384,0.9543257065999041,-0.10911797587295248
5,1,2,0,0,0,0,0,0,0,0,6,0.2,0,1,-0.8210280806330643,-1.3555277251831495,-0.12388670670394669
3,1,1,1,0,1,0,0,0,0,0,4,0.3333333333333333,1,0,0.3864375704976883,-1.3717329135927443,-0.5050786003161313
2,1,1,1,0,0,0,0,0,0,0,3,0.5,0,0,-0.6725590547771896,-1.775900540144007,-1.2933327217264685
3,1,1,1,0,1,0,0,0,0,2,4,0.3333333333333333,1,0,-0.11362488551081561,-0.04828631566244656,-0.8719109182929021
2,1,2,1,0,0,1,0,1,0,1,3,0.5,1,1,-0.8210280806330643,0.44279541128763517,-0.12388670670394669
3,1,2,1,0,0,0,0,0,0,0,4,0.3333333333333333,0,1,-0.4795014860762111,0.48690024089258666,0.09477130405289404
1,1,1,1,0,0,0,0,0,0,2,2,1.0,0,0,-0.7981449324712384,-0.11063701993680633,-1.389679280896307
3,1,2,0,1,1,0,1,0,0,1,4,0.3333333333333333,3,1,-0.3540298249423889,0.6805083350950895,0.17415445476927258
3,1,3,1,1,0,0,1,0,1,1,4,0.3333333333333333,3,1,0.6430412119229991,-0.1667105726029544,1.349598016845215
4,2,4,1,0,0,0,0,2,0,1,6,0.5,0,1,0.6026535307706002,0.8939787363027811,1.6947233291087962
3,1,2,1,0,0,0,1,2,1,2,4,0.3333333333333333,2,1,0.9282836543430005,-0.8236627602471862,0.9562855374421354
3,1,2,1,0,0,0,0,3,1,0,4,0.3333333333333333,1,1,1.6953340754548376,-2.4114987268553887,1.3988112049752477
4,1,2,1,0,0,0,1,2,0,2,5,0.25,1,1,1.172481094781789,-0.9806392555216417,1.0992209964758402
4,1,2,1,0,0,0,1,0,0,1,5,0.25,1,1,-0.040486069337980525,-0.17760472254034354,0.37030060548978294
2,1,1,1,0,1,0,1,1,0,2,3,0.5,2,0,0.7446617384454169,-0.8258294647759268,-0.2482093559174944
3,1,4,1,0,0,0,1,0,0,0,4,0.3333333333333333,1,1,-0.11362488551081561,1.094096497996862,1.327777869826999
3,2,4,1,0,0,0,1,2,0,1,5,0.6666666666666666,1,1,0.22546793801742443,1.225109318532714,1.5032241651553526
4,1,2,1,0,0,0,0,0,0,1,5,0.25,0,1,-0.05799971573352098,-0.6150570000122279,0.35942825160441183
4,4,4,1,0,0,0,1,3,0,2,8,1.0,1,1,1.5596014107610707,1.0902101162463387,2.1633290260336695
3,1,1,0,0,0,0,0,0,0,0,4,0.3333333333333333,0,0,-1.7360630107219146,0.4142183355506937,-2.1284981052244336
3,1,1,1,0,0,0,0,1,0,0,4,0.3333333333333333,0,0,-0.6869862334969506,0.2370430736610817,-1.3043699676486546
3,2,1,1,1,1,0,1,0,1,1,5,0.6666666666666666,4,0,1.121869100269971,0.14185478604837307,0.016942694920568623
4,1,3,0,0,0,0,0,0,0,1,5,0.25,0,1,0.13155706970264863,-0.9248527127607566,1.0697540887136634
3,1,2,1,0,0,1,0,1,1,1,4,0.3333333333333333,2,1,0.6026535307706002,0.44164206929799477,0.7626972412514591
3,1,1,1,0,0,0,1,2,0,1,4,0.3333333333333333,1,0,0.7216304222690209,-0.5554421384976499,-0.2645758858562712
5,1,2,1,1,1,0,1,1,0,2,6,0.2,3,1,0.9205569138486065,0.6565652561115849,0.9517315298393613
2,1,1,0,0,0,0,1,0,0,0,3,0.5,1,0,-1.6585470028638232,0.9715419064025723,-2.0661473404210184
3,1,2,0,0,0,0,0,0,0,1,4,0.3333333333333333,0,1,-0.43496234180382326,0.45920183703474804,0.12300855892678038
3,1,2,1,0,1,0,0,0,1,2,4,0.3333333333333333,2,1,-2.0798002343721853,1.4954561077394666,-0.9624736159522447
3,1,2,1,0,0,0,1,0,0,0,4,0.3333333333333333,1,1,-0.11362488551081561,-0.844201560913439,0.32483077897493223
3,1,1,0,0,0,0,0,1,0,0,4,0.3333333333333333,0,0,-0.21734000145996402,-0.6705877322314202,-0.9491993197171383
2,1,1,1,0,1,0,0,0,0,2,3,0.5,1,0,-0.6653790030627268,0.18533989824607083,-1.2878427497427358
2,1,1,1,1,1,0,0,2,1,2,3,0.5,3,0,0.8886541866233616,0.005065059425774492,-0.14634732089795274
4,2,2,1,0,0,0,0,0,0,2,6,0.5,0,1,-1.01262575378482,0.7434821899704703,-0.2482093559174944
2,1,1,1,0,0,0,0,0,0,0,3,0.5,0,0,-0.6582211356597439,-1.0560901607393829,-1.2823717204913228
4,2,4,1,1,0,0,1,1,0,2,6,0.5,2,1,0.6026535307706002,0.7516879605526656,1.6947233291087962
3,1,2,1,0,1,0,0,0,1,1,4,0.3333333333333333,2,1,-2.2540628100235938,2.1801607976051094,-1.0826256457841021
2,1,2,1,0,1,0,0,0,0,1,3,0.5,1,1,0.10105882316718631,-0.1512733722353746,0.4578070083846074
3,1,1,1,0,0,0,0,2,0,1,4,0.3333333333333333,0,0,-0.5740111580736437,0.7145416038884386,-1.2181552913326343
4,2,2,1,0,0,1,0,2,0,2,6,0.5,1,1,-0.7604986399078688,3.3216683462338867,-0.08485806265851442
2,1,1,1,0,0,0,1,0,0,1,3,0.5,1,0,0.433183904475637,-0.7219412924805235,-0.4712786140524111
3,1,1,1,1,1,0,1,2,1,0,4,0.3333333333333333,4,0,1.112243253658484,-0.23419778331458632,0.010244276758465554
3,1,2,1,0,0,0,1,0,0,1,4,0.3333333333333333,1,1,-0.26500509533514455,-0.3923894291470783,0.23016954506911244
4,1,2,1,0,0,0,0,2,0,2,5,0.25,0,1,-0.7604986399078688,0.788756962850201,-0.08485806265851442
3,1,1,1,0,1,0,1,2,1,0,4,0.3333333333333333,3,0,1.2340883484968885,-0.9069245145145991,0.09477130405289404
3,2,2,0,0,1,0,1,0,0,1,5,0.6666666666666666,2,1,-0.11362488551081561,-0.19327431994450112,0.32483077897493223
2,1,1,0,0,0,0,0,1,0,0,3,0.5,0,0,-1.1762068446094545,-1.153497129559237,-1.6833960158237813
3,1,1,1,0,1,0,0,2,1,1,4,0.3333333333333333,2,0,0.9761251840894329,-0.38061201279182333,-0.08485806265851442
3,1,2,1,0,0,0,0,1,0,1,4,0.3333333333333333,0,1,0.07013813717650608,-0.2769848899857039,0.43874635974664866
2,1,1,0,0,0,0,0,0,0,0,3,0.5,0,0,-1.1320504166448087,-0.015678108370397778,-1.6488060280611103
3,1,1,0,0,0,1,0,0,0,0,4,0.3333333333333333,1,0,-2.345995045844129,0.5576902940875685,-2.6272229331498997
2,1,1,1,0,0,0,1,0,0,0,3,0.5,1,0,-1.0084704086942475,-0.36741516242090794,-1.552399986775455
4,1,3,1,0,1,0,1,2,0,1,5,0.25,2,1,-1.1673095238906663,1.0584273028989086,0.32483077897493223
3,1,2,1,0,1,0,0,0,0,2,4,0.3333333333333333,1,1,-1.6046561954142975,1.9500037622986333,-0.6398877785901023
2,1,1,0,1,1,0,0,0,0,1,3,0.5,2,0,-0.7308139809103312,1.217456802124848,-1.337948843990396
2,1,2,1,0,0,0,0,0,0,1,3,0.5,0,1,-1.1673095238906663,0.11184266825093048,-0.34944797547589374
3,1,1,0,0,0,0,0,0,0,0,4,0.3333333333333333,0,0,-1.2763413674762787,-0.23041757691221842,-1.7621157366593765
4,2,4,1,1,0,0,1,1,0,1,6,0.5,2,1,1.19734012981809,-0.03165589981287363,1.9888400126844954
4,1,2,0,0,0,0,0,1,0,0,5,0.25,0,1,-0.1985509072903794,-0.900974653386139,0.2718159854694672
3,1,1,1,0,0,0,0,0,0,1,4,0.3333333333333333,0,0,1.7810928072338954,-1.9061883255012617,0.4672278369855498
3,2,1,1,1,1,0,1,2,0,0,5,0.6666666666666666,3,0,1.0286126818915589,0.7221297996720071,-0.048102092320918756
3,2,2,1,0,0,0,0,0,0,1,5,0.6666666666666666,0,1,-0.6298089418287881,0.4628887264520839,-0.000995723644949931
2,1,1,1,0,0,0,0,0,0,0,3,0.5,0,0,-0.7604986399078688,-0.18272967621505337,-1.3607340275104394
4,1,4,1,1,0,0,1,0,0,2,5,0.25,2,1,0.6866173354706236,-0.21691698092106337,1.7368287226230676
2,1,1,1,0,0,0,0,1,0,1,3,0.5,0,0,-0.17065631798205913,0.08665814019965562,-0.9143593893435309
3,1,2,1,1,1,0,0,0,0,1,4,0.3333333333333333,2,1,1.9682216112681679,-1.8385421422970216,1.5516854535184192
2,1,1,1,0,0,0,0,0,0,0,3,0.5,0,0,-0.6582211356597439,0.09359352460317641,-1.2823717204913228
3,2,2,1,0,1,0,0,0,1,0,5,0.6666666666666666,2,1,-2.345995045844129,1.9023770799859494,-1.14641039591342
2,1,1,0,0,0,0,0,1,0,2,3,0.5,0,0,-1.5105792032498604,0.35763622977966,-1.9477735968305225
2,1,1,1,0,0,0,0,0,0,1,3,0.5,0,0,-0.3634408803505341,-0.017042554095757723,-1.058776882369162
3,1,2,1,0,1,0,0,1,0,1,4,0.3333333333333333,1,1,-0.3849172757657124,0.233806753393042,0.15465991109853044
3,1,1,1,1,1,0,0,0,0,0,4,0.3333333333333333,2,0,0.04928414644426362,0.7444403910791635,-0.7513479297382611
4,1,3,1,1,1,0,0,0,1,0,5,0.25,3,1,0.6026535307706002,0.27534893485795264,1.327777869826999
3,1,2,0,0,1,0,0,0,0,1,4,0.3333333333333333,1,1,-1.01262575378482,0.5470857424226885,-0.2482093559174944
3,1,1,1,0,1,0,0,2,0,1,4,0.3333333333333333,1,0,-0.44015756305204395,1.6618021764587116,-1.1166449058365988
3,1,2,1,0,0,0,0,0,0,0,4,0.3333333333333333,0,1,-0.5128110709385497,-0.4475707370036026,0.07361148515927689
2,1,2,1,1,1,0,0,0,1,0,3,0.5,3,1,-0.38238013878141575,0.10653629010072702,0.156262382840127
2,1,1,1,0,1,0,0,0,0,0,3,0.5,1,0,-0.1997206725133465,0.47785882450243605,-0.9360401861242418
3,1,2,0,0,0,0,0,0,0,1,4,0.3333333333333333,0,1,-1.0887023171683545,0.07399266669690337,-0.29790354213426357
3,1,2,1,1,1,0,1,0,1,1,4,0.3333333333333333,4,1,1.0538837618806476,-0.4011783557733119,1.0300424715452468
3,1,2,1,0,1,1,0,2,0,1,4,0.3333333333333333,2,1,-0.21734000145996402,2.3795027466006236,0.26005545296828375
4,2,4,1,0,0,0,1,0,0,0,6,0.5,1,1,0.6026535307706002,0.49759985483140257,1.6947233291087962
4,2,1,1,0,1,0,1,0,1,1,6,0.5,3,0,0.3660953064326792,0.5093349664594055,-0.5198133435633906
3,2,3,1,0,0,1,0,1,0,2,5,0.6666666666666666,1,1,-0.11362488551081561,0.04536217892616396,0.9329082539101076
2,1,1,1,0,0,0,0,0,0,0,3,0.5,0,0,-0.38872826911375113,-0.4297418450894974,-1.0778262933789067
3,2,4,1,1,0,0,1,1,0,1,5,0.6666666666666666,2,1,0.3886862634107345,0.4990027037601555,1.586563322956111
